timestamp,participantType,salutation,firstName,lastName,email,phone,package,faculty,promotion,plusOne,PlusOnefirstName,PlusOnelastName
2025-11-03T21:01:04.274,military,Mr,Otto,Van den Bergh,3sXF3u7H0N_V1N_T1MPW2fHY0t3exNWf0t7c,moKDhYaChomChYKE,dance_dinner,POL,gIaG,Alone,,,otto04,false,177,_sXF3pHn0N-R1dTfkfPUw9bZzc3NzdXQ39LU7tXY39_Uww
2025-11-03T21:02:36.882,military,Mr,Otto,Van den Bergh,3sXF3u7H0N_V1N_T1MPW2fHY0t3exNWf0t7c,moKDhYaChomChYKE,dance_dinner,POL,gIaG,Alone,,,otto36,false,177,_sXF3pHn0N-R1dTfkfPUw9bZzc3NzdXQ39LU7tXY39_Uww
2025-11-03T21:03:16.790,military,Mr,Otto,Van den Bergh,3sXF3u7H0N_V1N_T1MPW2fHY0t3exNWf0t7c,moKDhYaChomChYKE,dance_dinner,POL,gIaG,Alone,,,otto16,false,177,_sXF3pHn0N-R1dTfkfPUw9bZzc3NzdXQ39LU7tXY39_Uww
2025-11-03T21:04:18.343,military,Mr,Otto,Van den Bergh,3sXF3u7H0N_V1N_T1MPW2fHY0t3exNWf0t7c,moKDhYaChomChYKE,dance_dinner,POL,gIaG,Alone,,,otto18,false,177,_sXF3pHn0N-R1dTfkfPUw9bZzc3NzdXQ39LU7tXY39_Uww
2025-11-03T22:43:54.132,military,Mr,Otto,Van den Bergh,3sXF3u7H0N_V1N_T1MPW2fHY0t3exNWf0t7c,moKDhYaChomChYKE,dance,POL,gIaG,PlusOne,Domi,Mon amour,otto54,false,200,_sXF3pHn0N-R1dTfkfPUw9bZzc313tzYkfze35HQ3N7Ew83N1dDf0tQ
2025-11-04T19:54:05.803,military,Mr,Otto,Van den Bergh,3sXF3u7H0N_V1N_T1MPW2fHY0t3exNWf0t7c,moKDhYaChomChYKE,dance_dinner,POL,gIaG,PlusOne,Dominica,Korczynska,otto05,false,354,_sXF3pHn0N-R1dTfkfPUw9bZzc313tzY39jS0JH63sPSy8jfwtrQzc3V0N_S1O7V2N_f1MM
2025-11-04T20:32:58.803,civil,Mr,Otto,Van den Bergh,3sXF3u7H0N_V1N_T1MPW2fHY0t3exNWf0t7c,moKDhYaChomChYKE,dance,,,Alone,,,otto58,false,100,_sXF3pHn0N-R1dTfkfPUw9bZzc3NzdXQ39LU
2025-11-04T20:39:33.196,civil,Mr,Otto,Van den Bergh,3sXF3u7H0N_V1N_T1MPW2fHY0t3exNWf0t7c,moKDhYaChomChYKE,dance,,,Alone,,,otto33,false,100,_sXF3pHn0N-R1dTfkfPUw9bZzc3NzdXQ39LU
2025-11-04T20:47:44.906,civil,Mr,Otto,Van den Bergh,3sXF3u7H0N_V1N_T1MPW2fHY0t3exNWf0t7c,moKDhYaChomChYKE,dance,,,Alone,,,otto44,false,100,_sXF3pHn0N-R1dTfkfPUw9bZzc3NzdXQ39LU
2025-11-04T20:49:12.342,civil,Mr,Otto,Van den Bergh,3sXF3u7H0N_V1N_T1MPW2fHY0t3exNWf0t7c,moKDhYaChomChYKE,dance,,,Alone,,,otto12,false,100,_sXF3pHn0N-R1dTfkfPUw9bZzc3NzdXQ39LU
2025-11-04T20:49:17.202,civil,Mr,Otto,Van den Bergh,3sXF3u7H0N_V1N_T1MPW2fHY0t3exNWf0t7c,moKDhYaChomChYKE,dance,,,Alone,,,otto17,false,100,_sXF3pHn0N-R1dTfkfPUw9bZzc3NzdXQ39LU
2025-11-04T20:51:15.950,civil,Mr,Otto,Van den Bergh,3sXF3u7H0N_V1N_T1MPW2fHY0t3exNWf0t7c,moKDhYaChomChYKE,dance,,,Alone,,,otto15,false,100,_sXF3pHn0N-R1dTfkfPUw9bZzc3NzdXQ39LU
2025-11-04T20:53:32.071,civil,Mr,Otto,Van den Bergh,3sXF3u7H0N_V1N_T1MPW2fHY0t3exNWf0t7c,moKDhYaChomChYKE,dance,,,Alone,,,otto32,false,100,_sXF3pHn0N-R1dTfkfPUw9bZzc3NzdXQ39LU
2025-11-04T20:55:07.843,civil,Mr,Otto,Van den Bergh,3sXF3u7H0N_V1N_T1MPW2fHY0t3exNWf0t7c,moKDhYaChomChYKE,dance,,,Alone,,,otto07,false,100,_sXF3pHn0N-R1dTfkfPUw9bZzc3NzdXQ39LU
2025-11-04T21:02:53.188,civil,Mr,Otto,Van den Bergh,3sXF3u7H0N_V1N_T1MPW2fHY0t3exNWf0t7c,moKDhYaChomChYKE,dance,,,Alone,,,otto53,false,100,_sXF3pHn0N-R1dTfkfPUw9bZzc3NzdXQ39LU
2025-11-04T21:02:58.115,civil,Mr,Otto,Van den Bergh,3sXF3u7H0N_V1N_T1MPW2fHY0t3exNWf0t7c,moKDhYaChomChYKE,dance,,,Alone,,,otto58,false,100,_sXF3pHn0N-R1dTfkfPUw9bZzc3NzdXQ39LU
2025-11-04T21:04:21.106,civil,Mr,Otto,Van den Bergh,3sXF3u7H0N_V1N_T1MPW2fHY0t3exNWf0t7c,moKDhYaChomChYKE,dance,,,Alone,,,otto21,false,100,_sXF3pHn0N-R1dTfkfPUw9bZzc3NzdXQ39LU
2025-11-04T21:04:27.120,civil,Mr,Otto,Van den Bergh,3sXF3u7H0N_V1N_T1MPW2fHY0t3exNWf0t7c,moKDhYaChomChYKE,dance,,,Alone,,,otto27,false,100,_sXF3pHn0N-R1dTfkfPUw9bZzc3NzdXQ39LU
2025-11-04T21:04:28.728,civil,Mr,Otto,Van den Bergh,3sXF3u7H0N_V1N_T1MPW2fHY0t3exNWf0t7c,moKDhYaChomChYKE,dance,,,Alone,,,otto28,false,100,_sXF3pHn0N-R1dTfkfPUw9bZzc3NzdXQ39LU
2025-11-04T21:04:30.699,civil,Mr,Otto,Van den Bergh,3sXF3u7H0N_V1N_T1MPW2fHY0t3exNWf0t7c,moKDhYaChomChYKE,dance,,,Alone,,,otto30,false,100,_sXF3pHn0N-R1dTfkfPUw9bZzc3NzdXQ39LU
2025-11-04T21:04:57.986,civil,Mr,Otto,Van den Bergh,3sXF3u7H0N_V1N_T1MPW2fHY0t3exNWf0t7c,moKDhYaChomChYKE,dance,,,Alone,,,otto57,false,100,_sXF3pHn0N-R1dTfkfPUw9bZzc3NzdXQ39LU
2025-11-04T21:05:01.280,civil,Mr,Otto,Van den Bergh,3sXF3u7H0N_V1N_T1MPW2fHY0t3exNWf0t7c,moKDhYaChomChYKE,dance,,,Alone,,,otto01,false,100,_sXF3pHn0N-R1dTfkfPUw9bZzc3NzdXQ39LU
2025-11-04T21:07:01.406,civil,Mr,Otto,Van den Bergh,3sXF3u7H0N_V1N_T1MPW2fHY0t3exNWf0t7c,moKDhYaChomChYKE,dance,,,Alone,,,otto01,false,100,_sXF3pHn0N-R1dTfkfPUw9bZzc3NzdXQ39LU
2025-11-04T21:07:03.951,civil,Mr,Otto,Van den Bergh,3sXF3u7H0N_V1N_T1MPW2fHY0t3exNWf0t7c,moKDhYaChomChYKE,dance,,,Alone,,,otto03,false,100,_sXF3pHn0N-R1dTfkfPUw9bZzc3NzdXQ39LU
2025-11-04T21:08:05.043,civil,Mr,Otto,Van den Bergh,3sXF3u7H0N_V1N_T1MPW2fHY0t3exNWf0t7c,moKDhYaChomChYKE,dance,,,Alone,,,otto05,false,100,_sXF3pHn0N-R1dTfkfPUw9bZzc3NzdXQ39LU
2025-11-04T21:09:15.977,civil,Mr,Otto,Van den Bergh,3sXF3u7H0N_V1N_T1MPW2fHY0t3exNWf0t7c,moKDhYaChomChYKE,dance,,,Alone,,,otto15,false,100,_sXF3pHn0N-R1dTfkfPUw9bZzc3NzdXQ39LU
2025-11-04T21:09:28.247,civil,Mr,Otto,Van den Bergh,3sXF3u7H0N_V1N_T1MPW2fHY0t3exNWf0t7c,moKDhYaChomChYKE,dance,,,Alone,,,otto28,false,100,_sXF3pHn0N-R1dTfkfPUw9bZzc3NzdXQ39LU
2025-11-04T21:09:35.033,civil,Mr,Otto,Van den Bergh,3sXF3u7H0N_V1N_T1MPW2fHY0t3exNWf0t7c,moKDhYaChomChYKE,dance,,,Alone,,,otto35,false,100,_sXF3pHn0N-R1dTfkfPUw9bZzc3NzdXQ39LU
2025-11-04T21:10:08.963,civil,Mr,Otto,Van den Bergh,3sXF3u7H0N_V1N_T1MPW2fHY0t3exNWf0t7c,moKDhYaChomChYKE,dance,,,Alone,,,otto08,false,100,_sXF3pHn0N-R1dTfkfPUw9bZzc3NzdXQ39LU
2025-11-04T21:10:10.396,civil,Mr,Otto,Van den Bergh,3sXF3u7H0N_V1N_T1MPW2fHY0t3exNWf0t7c,moKDhYaChomChYKE,dance,,,Alone,,,otto10,false,100,_sXF3pHn0N-R1dTfkfPUw9bZzc3NzdXQ39LU
2025-11-04T21:12:17.329,civil,Mr,Otto,Van den Bergh,3sXF3u7H0N_V1N_T1MPW2fHY0t3exNWf0t7c,moKDhYaChomChYKE,dance,,,Alone,,,otto17,false,100,_sXF3pHn0N-R1dTfkfPUw9bZzc3NzdXQ39LU
2025-11-04T21:12:45.696,civil,Mr,Otto,Van den Bergh,3sXF3u7H0N_V1N_T1MPW2fHY0t3exNWf0t7c,moKDhYaChomChYKE,dance,,,Alone,,,otto45,false,100,_sXF3pHn0N-R1dTfkfPUw9bZzc3NzdXQ39LU
2025-11-04T21:15:32.688,civil,Mr,Otto,Van den Bergh,3sXF3u7H0N_V1N_T1MPW2fHY0t3exNWf0t7c,moKDhYaChomChYKE,dance,,,Alone,,,otto32,false,100,_sXF3pHn0N-R1dTfkfPUw9bZzc3NzdXQ39LU
2025-11-04T21:15:35.854,civil,Mr,Otto,Van den Bergh,3sXF3u7H0N_V1N_T1MPW2fHY0t3exNWf0t7c,moKDhYaChomChYKE,dance,,,Alone,,,otto35,false,100,_sXF3pHn0N-R1dTfkfPUw9bZzc3NzdXQ39LU
2025-11-04T21:17:11.768,civil,Mr,Otto,Van den Bergh,3sXF3u7H0N_V1N_T1MPW2fHY0t3exNWf0t7c,moKDhYaChomChYKE,dance,,,Alone,,,otto11,false,100,_sXF3pHn0N-R1dTfkfPUw9bZzc3NzdXQ39LU
2025-11-04T21:18:04.545,civil,Mr,Otto,Van den Bergh,3sXF3u7H0N_V1N_T1MPW2fHY0t3exNWf0t7c,moKDhYaChomChYKE,dance,,,Alone,,,otto04,false,100,_sXF3pHn0N-R1dTfkfPUw9bZzc3NzdXQ39LU
2025-11-04T21:18:06.727,civil,Mr,Otto,Van den Bergh,3sXF3u7H0N_V1N_T1MPW2fHY0t3exNWf0t7c,moKDhYaChomChYKE,dance,,,Alone,,,otto06,false,100,_sXF3pHn0N-R1dTfkfPUw9bZzc3NzdXQ39LU
2025-11-04T21:18:23.228,civil,Mr,Otto,Van den Bergh,3sXF3u7H0N_V1N_T1MPW2fHY0t3exNWf0t7c,moKDhYaChomChYKE,dance,,,Alone,,,otto23,false,100,_sXF3pHn0N-R1dTfkfPUw9bZzc3NzdXQ39LU
2025-11-04T21:18:33.233,civil,Mr,Otto,Van den Bergh,3sXF3u7H0N_V1N_T1MPW2fHY0t3exNWf0t7c,moKDhYaChomChYKE,dance,,,Alone,,,otto33,false,100,_sXF3pHn0N-R1dTfkfPUw9bZzc3NzdXQ39LU
2025-11-04T21:19:42.775,civil,Mr,Otto,Van den Bergh,3sXF3u7H0N_V1N_T1MPW2fHY0t3exNWf0t7c,moKDhYaChomChYKE,dance,,,Alone,,,otto42,false,100,_sXF3pHn0N-R1dTfkfPUw9bZzc3NzdXQ39LU
2025-11-04T21:19:51.985,civil,Mr,Otto,Van den Bergh,3sXF3u7H0N_V1N_T1MPW2fHY0t3exNWf0t7c,moKDhYaChomChYKE,dance,,,Alone,,,otto51,false,100,_sXF3pHn0N-R1dTfkfPUw9bZzc3NzdXQ39LU
2025-11-04T21:20:53.178,civil,Mr,Otto,Van den Bergh,3sXF3u7H0N_V1N_T1MPW2fHY0t3exNWf0t7c,moKDhYaChomChYKE,dance,,,Alone,,,otto53,false,100,_sXF3pHn0N-R1dTfkfPUw9bZzc3NzdXQ39LU
2025-11-04T21:21:13.531,civil,Mr,Otto,Van den Bergh,3sXF3u7H0N_V1N_T1MPW2fHY0t3exNWf0t7c,moKDhYaChomChYKE,dance,,,Alone,,,otto13,false,100,_sXF3pHn0N-R1dTfkfPUw9bZzc3NzdXQ39LU
2025-11-04T21:21:23.937,civil,Mr,Otto,Van den Bergh,3sXF3u7H0N_V1N_T1MPW2fHY0t3exNWf0t7c,moKDhYaChomChYKE,dance,,,Alone,,,otto23,false,100,_sXF3pHn0N-R1dTfkfPUw9bZzc3NzdXQ39LU
2025-11-04T21:21:49.563,civil,Mr,Otto,Van den Bergh,3sXF3u7H0N_V1N_T1MPW2fHY0t3exNWf0t7c,moKDhYaChomChYKE,dance,,,Alone,,,otto49,false,100,_sXF3pHn0N-R1dTfkfPUw9bZzc3NzdXQ39LU
2025-11-04T21:21:59.332,civil,Mr,Otto,Van den Bergh,3sXF3u7H0N_V1N_T1MPW2fHY0t3exNWf0t7c,moKDhYaChomChYKE,dance,,,Alone,,,otto59,false,100,_sXF3pHn0N-R1dTfkfPUw9bZzc3NzdXQ39LU
2025-11-04T21:22:07.698,civil,Mr,Otto,Van den Bergh,3sXF3u7H0N_V1N_T1MPW2fHY0t3exNWf0t7c,moKDhYaChomChYKE,dance,,,Alone,,,otto07,false,100,_sXF3pHn0N-R1dTfkfPUw9bZzc3NzdXQ39LU
2025-11-04T21:22:09.708,civil,Mr,Otto,Van den Bergh,3sXF3u7H0N_V1N_T1MPW2fHY0t3exNWf0t7c,moKDhYaChomChYKE,dance,,,Alone,,,otto09,false,100,_sXF3pHn0N-R1dTfkfPUw9bZzc3NzdXQ39LU
2025-11-04T21:22:20.164,civil,Mr,Otto,Van den Bergh,3sXF3u7H0N_V1N_T1MPW2fHY0t3exNWf0t7c,moKDhYaChomChYKE,dance,,,Alone,,,otto20,false,100,_sXF3pHn0N-R1dTfkfPUw9bZzc3NzdXQ39LU
2025-11-04T21:24:09.021,civil,Mr,Otto,Van den Bergh,3sXF3u7H0N_V1N_T1MPW2fHY0t3exNWf0t7c,moKDhYaChomChYKE,dance,,,Alone,,,otto09,false,100,_sXF3pHn0N-R1dTfkfPUw9bZzc3NzdXQ39LU
2025-11-04T21:24:21.459,civil,Mr,Otto,Van den Bergh,3sXF3u7H0N_V1N_T1MPW2fHY0t3exNWf0t7c,moKDhYaChomChYKE,dance,,,Alone,,,otto21,false,100,_sXF3pHn0N-R1dTfkfPUw9bZzc3NzdXQ39LU
2025-11-04T21:25:19.077,civil,Mr,Otto,Van den Bergh,3sXF3u7H0N_V1N_T1MPW2fHY0t3exNWf0t7c,moKDhYaChomChYKE,dance,,,Alone,,,otto19,false,100,_sXF3pHn0N-R1dTfkfPUw9bZzc3NzdXQ39LU
2025-11-04T21:26:15.356,civil,Mr,Otto,Van den Bergh,3sXF3u7H0N_V1N_T1MPW2fHY0t3exNWf0t7c,moKDhYaChomChYKE,dance,,,Alone,,,otto15,false,100,_sXF3pHn0N-R1dTfkfPUw9bZzc3NzdXQ39LU
2025-11-04T21:26:20.029,civil,Mr,Otto,Van den Bergh,3sXF3u7H0N_V1N_T1MPW2fHY0t3exNWf0t7c,moKDhYaChomChYKE,dance,,,Alone,,,otto20,false,100,_sXF3pHn0N-R1dTfkfPUw9bZzc3NzdXQ39LU
2025-11-04T21:26:22.615,civil,Mr,Otto,Van den Bergh,3sXF3u7H0N_V1N_T1MPW2fHY0t3exNWf0t7c,moKDhYaChomChYKE,dance,,,Alone,,,otto22,false,100,_sXF3pHn0N-R1dTfkfPUw9bZzc3NzdXQ39LU
2025-11-04T21:30:11.985,civil,Mr,Otto,Van den Bergh,3sXF3u7H0N_V1N_T1MPW2fHY0t3exNWf0t7c,moKDhYaChomChYKE,dance,,,Alone,,,otto11,false,100,_sXF3pHn0N-R1dTfkfPUw9bZzc3NzdXQ39LU
2025-11-04T21:30:14.053,civil,Mr,Otto,Van den Bergh,3sXF3u7H0N_V1N_T1MPW2fHY0t3exNWf0t7c,moKDhYaChomChYKE,dance,,,Alone,,,otto14,false,100,_sXF3pHn0N-R1dTfkfPUw9bZzc3NzdXQ39LU
2025-11-04T21:30:22.011,civil,Mr,Otto,Van den Bergh,3sXF3u7H0N_V1N_T1MPW2fHY0t3exNWf0t7c,moKDhYaChomChYKE,dance,,,Alone,,,otto22,false,100,_sXF3pHn0N-R1dTfkfPUw9bZzc3NzdXQ39LU
2025-11-04T21:30:39.864,civil,Mr,Otto,Van den Bergh,3sXF3u7H0N_V1N_T1MPW2fHY0t3exNWf0t7c,moKDhYaChomChYKE,dance,,,Alone,,,otto39,false,100,_sXF3pHn0N-R1dTfkfPUw9bZzc3NzdXQ39LU
2025-11-04T21:30:41.076,civil,Mr,Otto,Van den Bergh,3sXF3u7H0N_V1N_T1MPW2fHY0t3exNWf0t7c,moKDhYaChomChYKE,dance,,,Alone,,,otto41,false,100,_sXF3pHn0N-R1dTfkfPUw9bZzc3NzdXQ39LU
2025-11-04T21:30:45.385,civil,Mr,Otto,Van den Bergh,3sXF3u7H0N_V1N_T1MPW2fHY0t3exNWf0t7c,moKDhYaChomChYKE,dance,,,Alone,,,otto45,false,100,_sXF3pHn0N-R1dTfkfPUw9bZzc3NzdXQ39LU
2025-11-04T21:31:12.878,civil,Mr,Otto,Van den Bergh,3sXF3u7H0N_V1N_T1MPW2fHY0t3exNWf0t7c,moKDhYaChomChYKE,dance,,,Alone,,,otto12,false,100,_sXF3pHn0N-R1dTfkfPUw9bZzc3NzdXQ39LU
2025-11-04T21:31:30.735,civil,Mr,Otto,Van den Bergh,3sXF3u7H0N_V1N_T1MPW2fHY0t3exNWf0t7c,moKDhYaChomChYKE,dance,,,Alone,,,otto30,false,100,_sXF3pHn0N-R1dTfkfPUw9bZzc3NzdXQ39LU
2025-11-04T21:33:36.642,civil,Mr,Otto,Van den Bergh,3sXF3u7H0N_V1N_T1MPW2fHY0t3exNWf0t7c,moKDhYaChomChYKE,dance,,,Alone,,,otto36,false,100,_sXF3pHn0N-R1dTfkfPUw9bZzc3NzdXQ39LU
2025-11-04T21:34:19.701,civil,Mr,Otto,Van den Bergh,3sXF3u7H0N_V1N_T1MPW2fHY0t3exNWf0t7c,moKDhYaChomChYKE,dance,,,Alone,,,otto19,false,100,_sXF3pHn0N-R1dTfkfPUw9bZzc3NzdXQ39LU
2025-11-04T21:36:16.047,civil,Mr,Otto,Van den Bergh,3sXF3u7H0N_V1N_T1MPW2fHY0t3exNWf0t7c,moKDhYaChomChYKE,dance,,,Alone,,,otto16,false,100,_sXF3pHn0N-R1dTfkfPUw9bZzc3NzdXQ39LU
2025-11-04T21:36:45.275,civil,Mr,Otto,Van den Bergh,3sXF3u7H0N_V1N_T1MPW2fHY0t3exNWf0t7c,moKDhYaChomChYKE,dance,,,Alone,,,otto45,false,100,_sXF3pHn0N-R1dTfkfPUw9bZzc3NzdXQ39LU
2025-11-04T21:37:46.850,civil,Mr,Otto,Van den Bergh,3sXF3u7H0N_V1N_T1MPW2fHY0t3exNWf0t7c,moKDhYaChomChYKE,dance,,,Alone,,,otto46,false,100,_sXF3pHn0N-R1dTfkfPUw9bZzc3NzdXQ39LU
2025-11-04T21:39:26.638,civil,Mr,Otto,Van den Bergh,3sXF3u7H0N_V1N_T1MPW2fHY0t3exNWf0t7c,moKDhYaChomChYKE,dance,,,Alone,,,otto26,false,100,_sXF3pHn0N-R1dTfkfPUw9bZzc3NzdXQ39LU
2025-11-04T21:40:42.015,civil,Mr,Otto,Van den Bergh,3sXF3u7H0N_V1N_T1MPW2fHY0t3exNWf0t7c,moKDhYaChomChYKE,dance,,,Alone,,,otto42,false,100,_sXF3pHn0N-R1dTfkfPUw9bZzc3NzdXQ39LU
2025-11-04T21:41:08.810,civil,Mr,Otto,Van den Bergh,3sXF3u7H0N_V1N_T1MPW2fHY0t3exNWf0t7c,moKDhYaChomChYKE,dance,,,Alone,,,otto08,false,100,_sXF3pHn0N-R1dTfkfPUw9bZzc3NzdXQ39LU
2025-11-04T21:41:19.124,civil,Mr,Otto,Van den Bergh,3sXF3u7H0N_V1N_T1MPW2fHY0t3exNWf0t7c,moKDhYaChomChYKE,dance,,,Alone,,,otto19,false,100,_sXF3pHn0N-R1dTfkfPUw9bZzc3NzdXQ39LU
2025-11-04T21:41:39.869,civil,Mr,Otto,Van den Bergh,3sXF3u7H0N_V1N_T1MPW2fHY0t3exNWf0t7c,moKDhYaChomChYKE,dance,,,Alone,,,otto39,false,100,_sXF3pHn0N-R1dTfkfPUw9bZzc3NzdXQ39LU
2025-11-04T21:43:37.912,civil,Mr,Otto,Van den Bergh,3sXF3u7H0N_V1N_T1MPW2fHY0t3exNWf0t7c,moKDhYaChomChYKE,dance,,,Alone,,,otto37,false,100,_sXF3pHn0N-R1dTfkfPUw9bZzc3NzdXQ39LU
2025-11-04T21:46:15.479,civil,Mr,Otto,Van den Bergh,3sXF3u7H0N_V1N_T1MPW2fHY0t3exNWf0t7c,moKDhYaChomChYKE,dance,,,Alone,,,otto15,false,100,_sXF3pHn0N-R1dTfkfPUw9bZzc3NzdXQ39LU
2025-11-04T21:46:23.131,civil,Mr,Otto,Van den Bergh,3sXF3u7H0N_V1N_T1MPW2fHY0t3exNWf0t7c,moKDhYaChomChYKE,dance,,,Alone,,,otto23,false,100,_sXF3pHn0N-R1dTfkfPUw9bZzc3NzdXQ39LU
2025-11-04T21:47:43.009,civil,Mr,Otto,Van den Bergh,3sXF3u7H0N_V1N_T1MPW2fHY0t3exNWf0t7c,moKDhYaChomChYKE,dance_dinner,,,Alone,,,otto43,false,177,_sXF3pHn0N-R1dTfkfPUw9bZzc3NzdXQ39LU7tXY39_Uww
2025-11-04T21:49:58.147,civil,Mr,Otto,Van den Bergh,3sXF3u7H0N_V1N_T1MPW2fHY0t3exNWf0t7c,moKDhYaChomChYKE,dance_dinner,,,Alone,,,otto58,false,177,_sXF3pHn0N-R1dTfkfPUw9bZzc3NzdXQ39LU7tXY39_Uww
2025-11-04T21:52:31.552,civil,Mr,Otto,Van den Bergh,3sXF3u7H0N_V1N_T1MPW2fHY0t3exNWf0t7c,moKDhYaChomChYKE,dance_dinner,,,Alone,,,otto31,false,177,_sXF3pHn0N-R1dTfkfPUw9bZzc3NzdXQ39LU7tXY39_Uww
2025-11-04T21:53:18.939,civil,Mr,Otto,Van den Bergh,3sXF3u7H0N_V1N_T1MPW2fHY0t3exNWf0t7c,moKDhYaChomChYKE,dance_dinner,,,Alone,,,otto18,false,177,_sXF3pHn0N-R1dTfkfPUw9bZzc3NzdXQ39LU7tXY39_Uww
2025-11-04T21:54:15.218,civil,Mr,Otto,Van den Bergh,3sXF3u7H0N_V1N_T1MPW2fHY0t3exNWf0t7c,moKDhYaChomChYKE,dance_dinner,,,Alone,,,otto15,false,177,_sXF3pHn0N-R1dTfkfPUw9bZzc3NzdXQ39LU7tXY39_Uww
2025-11-04T21:54:56.860,civil,Mr,Otto,Van den Bergh,3sXF3u7H0N_V1N_T1MPW2fHY0t3exNWf0t7c,moKDhYaChomChYKE,dance_dinner,,,Alone,,,otto56,false,177,_sXF3pHn0N-R1dTfkfPUw9bZzc3NzdXQ39LU7tXY39_Uww
2025-11-04T21:55:22.282,civil,Mr,Otto,Van den Bergh,3sXF3u7H0N_V1N_T1MPW2fHY0t3exNWf0t7c,moKDhYaChomChYKE,dance_dinner,,,Alone,,,otto22,false,177,_sXF3pHn0N-R1dTfkfPUw9bZzc3NzdXQ39LU7tXY39_Uww
2025-11-06T10:45:53.525,civil,Mr,Otto,Van den Bergh,3sXF3u7H0N_V1N_T1MPW2fHY0t3exNWf0t7c,moKDhYaChomChYKE,dance_dinner,,,Alone,,,otto53,false,177,_sXF3pHn0N-R1dTfkfPUw9bZzc3NzdXQ39LU7tXY39_Uww
2025-11-06T10:47:55.081,civil,Mr,Otto,Van den Bergh,3sXF3u7H0N_V1N_T1MPW2fHY0t3exNWf0t7c,moKDhYaChomChYKE,dance_dinner,,,Alone,,,otto55,false,177,_sXF3pHn0N-R1dTfkfPUw9bZzc3NzdXQ39LU7tXY39_Uww
2025-11-06T10:49:13.399,civil,Mr,Otto,Van den Bergh,3sXF3u7H0N_V1N_T1MPW2fHY0t3exNWf0t7c,moKDhYaChomChYKE,dance_dinner,,,Alone,,,otto13,false,177,_sXF3pHn0N-R1dTfkfPUw9bZzc3NzdXQ39LU7tXY39_Uww
2025-11-06T10:49:15.610,civil,Mr,Otto,Van den Bergh,3sXF3u7H0N_V1N_T1MPW2fHY0t3exNWf0t7c,moKDhYaChomChYKE,dance_dinner,,,Alone,,,otto15,false,177,_sXF3pHn0N-R1dTfkfPUw9bZzc3NzdXQ39LU7tXY39_Uww
2025-11-06T10:49:38.386,civil,Mr,Otto,Van den Bergh,3sXF3u7H0N_V1N_T1MPW2fHY0t3exNWf0t7c,moKDhYaChomChYKE,dance_dinner,,,Alone,,,otto38,false,177,_sXF3pHn0N-R1dTfkfPUw9bZzc3NzdXQ39LU7tXY39_Uww
2025-11-06T10:50:39.784,civil,Mr,Otto,Van den Bergh,3sXF3u7H0N_V1N_T1MPW2fHY0t3exNWf0t7c,moKDhYaChomChYKE,dance_dinner,,,Alone,,,otto39,false,177,_sXF3pHn0N-R1dTfkfPUw9bZzc3NzdXQ39LU7tXY39_Uww
2025-11-06T10:50:40.830,civil,Mr,Otto,Van den Bergh,3sXF3u7H0N_V1N_T1MPW2fHY0t3exNWf0t7c,moKDhYaChomChYKE,dance_dinner,,,Alone,,,otto40,false,177,_sXF3pHn0N-R1dTfkfPUw9bZzc3NzdXQ39LU7tXY39_Uww
2025-11-06T10:50:41.988,civil,Mr,Otto,Van den Bergh,3sXF3u7H0N_V1N_T1MPW2fHY0t3exNWf0t7c,moKDhYaChomChYKE,dance_dinner,,,Alone,,,otto41,false,177,_sXF3pHn0N-R1dTfkfPUw9bZzc3NzdXQ39LU7tXY39_Uww
2025-11-06T10:50:43.172,civil,Mr,Otto,Van den Bergh,3sXF3u7H0N_V1N_T1MPW2fHY0t3exNWf0t7c,moKDhYaChomChYKE,dance_dinner,,,Alone,,,otto43,false,177,_sXF3pHn0N-R1dTfkfPUw9bZzc3NzdXQ39LU7tXY39_Uww
2025-11-06T10:51:20.446,civil,Mr,Otto,Van den Bergh,3sXF3u7H0N_V1N_T1MPW2fHY0t3exNWf0t7c,moKDhYaChomChYKE,dance_dinner,,,Alone,,,otto20,false,177,_sXF3pHn0N-R1dTfkfPUw9bZzc3NzdXQ39LU7tXY39_Uww
2025-11-06T10:51:54.385,civil,Mr,Otto,Van den Bergh,3sXF3u7H0N_V1N_T1MPW2fHY0t3exNWf0t7c,moKDhYaChomChYKE,dance_dinner,,,Alone,,,otto54,false,177,_sXF3pHn0N-R1dTfkfPUw9bZzc3NzdXQ39LU7tXY39_Uww
2025-11-06T10:52:34.043,civil,Mr,Otto,Van den Bergh,3sXF3u7H0N_V1N_T1MPW2fHY0t3exNWf0t7c,moKDhYaChomChYKE,dance_dinner,,,Alone,,,otto34,false,177,_sXF3pHn0N-R1dTfkfPUw9bZzc3NzdXQ39LU7tXY39_Uww
2025-11-06T10:52:48.871,civil,Mr,Otto,Van den Bergh,3sXF3u7H0N_V1N_T1MPW2fHY0t3exNWf0t7c,moKDhYaChomChYKE,dance_dinner,,,Alone,,,otto48,false,177,_sXF3pHn0N-R1dTfkfPUw9bZzc3NzdXQ39LU7tXY39_Uww
2025-11-06T10:53:13.874,civil,Mr,Otto,Van den Bergh,3sXF3u7H0N_V1N_T1MPW2fHY0t3exNWf0t7c,moKDhYaChomChYKE,dance_dinner,,,Alone,,,otto13,false,177,_sXF3pHn0N-R1dTfkfPUw9bZzc3NzdXQ39LU7tXY39_Uww
2025-11-06T10:53:31.260,civil,Mr,Otto,Van den Bergh,3sXF3u7H0N_V1N_T1MPW2fHY0t3exNWf0t7c,moKDhYaChomChYKE,dance_dinner,,,Alone,,,otto31,false,177,_sXF3pHn0N-R1dTfkfPUw9bZzc3NzdXQ39LU7tXY39_Uww
2025-11-06T10:53:47.765,civil,Mr,Otto,Van den Bergh,3sXF3u7H0N_V1N_T1MPW2fHY0t3exNWf0t7c,moKDhYaChomChYKE,dance_dinner,,,Alone,,,otto47,false,177,_sXF3pHn0N-R1dTfkfPUw9bZzc3NzdXQ39LU7tXY39_Uww
2025-11-06T10:54:51.332,civil,Mr,Otto,Van den Bergh,3sXF3u7H0N_V1N_T1MPW2fHY0t3exNWf0t7c,moKDhYaChomChYKE,dance_dinner,,,Alone,,,otto51,false,177,_sXF3pHn0N-R1dTfkfPUw9bZzc3NzdXQ39LU7tXY39_Uww
2025-11-06T10:55:19.965,civil,Mr,Otto,Van den Bergh,3sXF3u7H0N_V1N_T1MPW2fHY0t3exNWf0t7c,moKDhYaChomChYKE,dance_dinner,,,Alone,,,otto19,false,177,_sXF3pHn0N-R1dTfkfPUw9bZzc3NzdXQ39LU7tXY39_Uww
2025-11-06T10:55:44.684,civil,Mr,Otto,Van den Bergh,3sXF3u7H0N_V1N_T1MPW2fHY0t3exNWf0t7c,moKDhYaChomChYKE,dance_dinner,,,Alone,,,otto44,false,177,_sXF3pHn0N-R1dTfkfPUw9bZzc3NzdXQ39LU7tXY39_Uww
2025-11-06T10:56:29.555,civil,Mr,Otto,Van den Bergh,3sXF3u7H0N_V1N_T1MPW2fHY0t3exNWf0t7c,moKDhYaChomChYKE,dance_dinner,,,Alone,,,otto29,false,177,_sXF3pHn0N-R1dTfkfPUw9bZzc3NzdXQ39LU7tXY39_Uww
2025-11-06T11:01:59.378,civil,Mr,Otto,Van den Bergh,3sXF3u7H0N_V1N_T1MPW2fHY0t3exNWf0t7c,moKDhYaChomChYKE,dance_dinner,,,Alone,,,otto59,false,177,_sXF3pHn0N-R1dTfkfPUw9bZzc3NzdXQ39LU7tXY39_Uww
2025-11-06T11:02:17.865,civil,Mr,Otto,Van den Bergh,3sXF3u7H0N_V1N_T1MPW2fHY0t3exNWf0t7c,moKDhYaChomChYKE,dance_dinner,,,Alone,,,otto17,false,177,_sXF3pHn0N-R1dTfkfPUw9bZzc3NzdXQ39LU7tXY39_Uww
2025-11-06T11:03:27.476,civil,Mr,Otto,Van den Bergh,3sXF3u7H0N_V1N_T1MPW2fHY0t3exNWf0t7c,moKDhYaChomChYKE,dance_dinner,,,Alone,,,otto27,false,177,_sXF3pHn0N-R1dTfkfPUw9bZzc3NzdXQ39LU7tXY39_Uww
2025-11-06T11:05:11.379,civil,Mr,Otto,Van den Bergh,3sXF3u7H0N_V1N_T1MPW2fHY0t3exNWf0t7c,moKDhYaChomChYKE,dance_dinner,,,Alone,,,otto11,false,177,_sXF3pHn0N-R1dTfkfPUw9bZzc3NzdXQ39LU7tXY39_Uww
2025-11-06T15:11:13.134,civil,Mr,Otto,Van den Bergh,3sXF3u7H0N_V1N_T1MPW2fHY0t3exNWf0t7c,moKDhYaChomChYKE,dance_dinner,,,Alone,,,otto13,false,177,_sXF3pHn0N-R1dTfkfPUw9bZzc3NzdXQ39LU7tXY39_Uww
2025-11-06T15:11:23.186,civil,Mr,Otto,Van den Bergh,3sXF3u7H0N_V1N_T1MPW2fHY0t3exNWf0t7c,moKDhYaChomChYKE,dance_dinner,,,Alone,,,otto23,false,177,_sXF3pHn0N-R1dTfkfPUw9bZzc3NzdXQ39LU7tXY39_Uww
2025-11-06T15:11:31.843,civil,Mr,Otto,Van den Bergh,3sXF3u7H0N_V1N_T1MPW2fHY0t3exNWf0t7c,moKDhYaChomChYKE,dance_dinner,,,Alone,,,otto31,false,177,_sXF3pHn0N-R1dTfkfPUw9bZzc3NzdXQ39LU7tXY39_Uww
2025-11-06T15:11:34.040,civil,Mr,Otto,Van den Bergh,3sXF3u7H0N_V1N_T1MPW2fHY0t3exNWf0t7c,moKDhYaChomChYKE,dance_dinner,,,Alone,,,otto34,false,177,_sXF3pHn0N-R1dTfkfPUw9bZzc3NzdXQ39LU7tXY39_Uww
2025-11-06T15:11:36.002,civil,Mr,Otto,Van den Bergh,3sXF3u7H0N_V1N_T1MPW2fHY0t3exNWf0t7c,moKDhYaChomChYKE,dance_dinner,,,Alone,,,otto36,false,177,_sXF3pHn0N-R1dTfkfPUw9bZzc3NzdXQ39LU7tXY39_Uww
2025-11-06T15:11:44.479,civil,Mr,Otto,Van den Bergh,3sXF3u7H0N_V1N_T1MPW2fHY0t3exNWf0t7c,moKDhYaChomChYKE,dance_dinner,,,Alone,,,otto44,false,177,_sXF3pHn0N-R1dTfkfPUw9bZzc3NzdXQ39LU7tXY39_Uww
2025-11-06T15:11:46.765,civil,Mr,Otto,Van den Bergh,3sXF3u7H0N_V1N_T1MPW2fHY0t3exNWf0t7c,moKDhYaChomChYKE,dance_dinner,,,Alone,,,otto46,false,177,_sXF3pHn0N-R1dTfkfPUw9bZzc3NzdXQ39LU7tXY39_Uww
2025-11-06T15:12:08.045,civil,Mr,Otto,Van den Bergh,3sXF3u7H0N_V1N_T1MPW2fHY0t3exNWf0t7c,moKDhYaChomChYKE,dance_dinner,,,Alone,,,otto08,false,177,_sXF3pHn0N-R1dTfkfPUw9bZzc3NzdXQ39LU7tXY39_Uww
2025-11-06T15:12:30.480,civil,Mr,Otto,Van den Bergh,3sXF3u7H0N_V1N_T1MPW2fHY0t3exNWf0t7c,moKDhYaChomChYKE,dance_dinner,,,Alone,,,otto30,false,177,_sXF3pHn0N-R1dTfkfPUw9bZzc3NzdXQ39LU7tXY39_Uww
2025-11-06T15:12:33.826,civil,Mr,Otto,Van den Bergh,3sXF3u7H0N_V1N_T1MPW2fHY0t3exNWf0t7c,moKDhYaChomChYKE,dance_dinner,,,Alone,,,otto33,false,177,_sXF3pHn0N-R1dTfkfPUw9bZzc3NzdXQ39LU7tXY39_Uww
2025-11-06T15:15:00.428,civil,Mr,Otto,Van den Bergh,3sXF3u7H0N_V1N_T1MPW2fHY0t3exNWf0t7c,moKDhYaChomChYKE,dance_dinner,,,Alone,,,otto00,false,177,_sXF3pHn0N-R1dTfkfPUw9bZzc3NzdXQ39LU7tXY39_Uww
2025-11-06T15:15:33.552,civil,Mr,Otto,Van den Bergh,3sXF3u7H0N_V1N_T1MPW2fHY0t3exNWf0t7c,moKDhYaChomChYKE,dance_dinner,,,Alone,,,otto33,false,177,_sXF3pHn0N-R1dTfkfPUw9bZzc3NzdXQ39LU7tXY39_Uww
2025-11-06T15:15:41.063,civil,Mr,Otto,Van den Bergh,3sXF3u7H0N_V1N_T1MPW2fHY0t3exNWf0t7c,moKDhYaChomChYKE,dance_dinner,,,Alone,,,otto41,false,177,_sXF3pHn0N-R1dTfkfPUw9bZzc3NzdXQ39LU7tXY39_Uww
2025-11-06T15:16:07.633,civil,Mr,Otto,Van den Bergh,3sXF3u7H0N_V1N_T1MPW2fHY0t3exNWf0t7c,moKDhYaChomChYKE,dance_dinner,,,Alone,,,otto07,false,177,_sXF3pHn0N-R1dTfkfPUw9bZzc3NzdXQ39LU7tXY39_Uww
2025-11-06T15:18:16.753,civil,Mr,Otto,Van den Bergh,3sXF3u7H0N_V1N_T1MPW2fHY0t3exNWf0t7c,moKDhYaChomChYKE,dance_dinner,,,Alone,,,otto16,false,177,_sXF3pHn0N-R1dTfkfPUw9bZzc3NzdXQ39LU7tXY39_Uww
2025-11-06T15:18:34.599,civil,Mr,Otto,Van den Bergh,3sXF3u7H0N_V1N_T1MPW2fHY0t3exNWf0t7c,moKDhYaChomChYKE,dance_dinner,,,Alone,,,otto34,false,177,_sXF3pHn0N-R1dTfkfPUw9bZzc3NzdXQ39LU7tXY39_Uww
2025-11-06T15:18:56.438,civil,Mr,Otto,Van den Bergh,3sXF3u7H0N_V1N_T1MPW2fHY0t3exNWf0t7c,moKDhYaChomChYKE,dance_dinner,,,Alone,,,otto56,false,177,_sXF3pHn0N-R1dTfkfPUw9bZzc3NzdXQ39LU7tXY39_Uww
2025-11-06T15:19:03.846,civil,Mr,Otto,Van den Bergh,3sXF3u7H0N_V1N_T1MPW2fHY0t3exNWf0t7c,moKDhYaChomChYKE,dance_dinner,,,Alone,,,otto03,false,177,_sXF3pHn0N-R1dTfkfPUw9bZzc3NzdXQ39LU7tXY39_Uww
2025-11-06T15:19:24.954,civil,Mr,Otto,Van den Bergh,3sXF3u7H0N_V1N_T1MPW2fHY0t3exNWf0t7c,moKDhYaChomChYKE,dance_dinner,,,Alone,,,otto24,false,177,_sXF3pHn0N-R1dTfkfPUw9bZzc3NzdXQ39LU7tXY39_Uww
2025-11-06T15:19:32.809,civil,Mr,Otto,Van den Bergh,3sXF3u7H0N_V1N_T1MPW2fHY0t3exNWf0t7c,moKDhYaChomChYKE,dance_dinner,,,Alone,,,otto32,false,177,_sXF3pHn0N-R1dTfkfPUw9bZzc3NzdXQ39LU7tXY39_Uww
2025-11-06T15:20:05.153,civil,Mr,Otto,Van den Bergh,3sXF3u7H0N_V1N_T1MPW2fHY0t3exNWf0t7c,moKDhYaChomChYKE,dance_dinner,,,Alone,,,otto05,false,177,_sXF3pHn0N-R1dTfkfPUw9bZzc3NzdXQ39LU7tXY39_Uww
2025-11-06T15:20:39.385,civil,Mr,Otto,Van den Bergh,3sXF3u7H0N_V1N_T1MPW2fHY0t3exNWf0t7c,moKDhYaChomChYKE,dance_dinner,,,Alone,,,otto39,false,177,_sXF3pHn0N-R1dTfkfPUw9bZzc3NzdXQ39LU7tXY39_Uww
2025-11-06T15:22:54.235,civil,Mr,Otto,Van den Bergh,3sXF3u7H0N_V1N_T1MPW2fHY0t3exNWf0t7c,moKDhYaChomChYKE,dance_dinner,,,Alone,,,otto54,false,177,_sXF3pHn0N-R1dTfkfPUw9bZzc3NzdXQ39LU7tXY39_Uww
2025-11-06T15:23:06.941,civil,Mr,Otto,Van den Bergh,3sXF3u7H0N_V1N_T1MPW2fHY0t3exNWf0t7c,moKDhYaChomChYKE,dance_dinner,,,Alone,,,otto06,false,177,_sXF3pHn0N-R1dTfkfPUw9bZzc3NzdXQ39LU7tXY39_Uww
2025-11-06T15:23:39.316,civil,Mr,Otto,Van den Bergh,3sXF3u7H0N_V1N_T1MPW2fHY0t3exNWf0t7c,moKDhYaChomChYKE,dance_dinner,,,Alone,,,otto39,false,177,_sXF3pHn0N-R1dTfkfPUw9bZzc3NzdXQ39LU7tXY39_Uww
2025-11-06T15:24:17.238,civil,Mr,Otto,Van den Bergh,3sXF3u7H0N_V1N_T1MPW2fHY0t3exNWf0t7c,moKDhYaChomChYKE,dance_dinner,,,Alone,,,otto17,false,177,_sXF3pHn0N-R1dTfkfPUw9bZzc3NzdXQ39LU7tXY39_Uww
2025-11-06T15:26:55.049,civil,Mr,Otto,Van den Bergh,3sXF3u7H0N_V1N_T1MPW2fHY0t3exNWf0t7c,moKDhYaChomChYKE,dance_dinner,,,Alone,,,otto55,false,177,_sXF3pHn0N-R1dTfkfPUw9bZzc3NzdXQ39LU7tXY39_Uww
2025-11-06T15:28:16.090,civil,Mr,Otto,Van den Bergh,3sXF3u7H0N_V1N_T1MPW2fHY0t3exNWf0t7c,moKDhYaChomChYKE,dance_dinner,,,Alone,,,otto16,false,177,_sXF3pHn0N-R1dTfkfPUw9bZzc3NzdXQ39LU7tXY39_Uww
2025-11-06T15:28:33.501,civil,Mr,Otto,Van den Bergh,3sXF3u7H0N_V1N_T1MPW2fHY0t3exNWf0t7c,moKDhYaChomChYKE,dance_dinner,,,Alone,,,otto33,false,177,_sXF3pHn0N-R1dTfkfPUw9bZzc3NzdXQ39LU7tXY39_Uww
2025-11-06T15:28:36.283,civil,Mr,Otto,Van den Bergh,3sXF3u7H0N_V1N_T1MPW2fHY0t3exNWf0t7c,moKDhYaChomChYKE,dance_dinner,,,Alone,,,otto36,false,177,_sXF3pHn0N-R1dTfkfPUw9bZzc3NzdXQ39LU7tXY39_Uww
2025-11-06T15:28:45.841,civil,Mr,Otto,Van den Bergh,3sXF3u7H0N_V1N_T1MPW2fHY0t3exNWf0t7c,moKDhYaChomChYKE,dance_dinner,,,Alone,,,otto45,false,177,_sXF3pHn0N-R1dTfkfPUw9bZzc3NzdXQ39LU7tXY39_Uww
2025-11-06T15:29:21.926,civil,Mr,Otto,Van den Bergh,3sXF3u7H0N_V1N_T1MPW2fHY0t3exNWf0t7c,moKDhYaChomChYKE,dance_dinner,,,Alone,,,otto21,false,177,_sXF3pHn0N-R1dTfkfPUw9bZzc3NzdXQ39LU7tXY39_Uww
2025-11-06T15:30:41.172,civil,Mr,Otto,Van den Bergh,3sXF3u7H0N_V1N_T1MPW2fHY0t3exNWf0t7c,moKDhYaChomChYKE,dance_dinner,,,Alone,,,otto41,false,177,_sXF3pHn0N-R1dTfkfPUw9bZzc3NzdXQ39LU7tXY39_Uww
2025-11-06T15:30:50.870,civil,Mr,Otto,Van den Bergh,3sXF3u7H0N_V1N_T1MPW2fHY0t3exNWf0t7c,moKDhYaChomChYKE,dance_dinner,,,Alone,,,otto50,false,177,_sXF3pHn0N-R1dTfkfPUw9bZzc3NzdXQ39LU7tXY39_Uww
2025-11-06T15:31:11.546,civil,Mr,Otto,Van den Bergh,3sXF3u7H0N_V1N_T1MPW2fHY0t3exNWf0t7c,moKDhYaChomChYKE,dance_dinner,,,Alone,,,otto11,false,177,_sXF3pHn0N-R1dTfkfPUw9bZzc3NzdXQ39LU7tXY39_Uww
2025-11-06T15:31:18.861,civil,Mr,Otto,Van den Bergh,3sXF3u7H0N_V1N_T1MPW2fHY0t3exNWf0t7c,moKDhYaChomChYKE,dance_dinner,,,Alone,,,otto18,false,177,_sXF3pHn0N-R1dTfkfPUw9bZzc3NzdXQ39LU7tXY39_Uww
2025-11-06T15:31:28.954,civil,Mr,Otto,Van den Bergh,3sXF3u7H0N_V1N_T1MPW2fHY0t3exNWf0t7c,moKDhYaChomChYKE,dance_dinner,,,Alone,,,otto28,false,177,_sXF3pHn0N-R1dTfkfPUw9bZzc3NzdXQ39LU7tXY39_Uww
2025-11-06T15:47:58.733,military,Mr,Otto,Van den Bergh,3sXF3u7H0N_V1N_T1MPW2fHY0t3exNWf0t7c,moKDhYaChomChYKE,dance_dinner,POL,gIaG,Alone,,,otto58,false,177,_sXF3pHn0N-R1dTfkfPUw9bZzc3NzdXQ39LU7tXY39_Uww
2025-11-06T15:48:43.799,military,Mr,Otto,Van den Bergh,3sXF3u7H0N_V1N_T1MPW2fHY0t3exNWf0t7c,moKDhYaChomChYKE,dance_dinner,POL,gIaG,Alone,,,otto43,false,177,_sXF3pHn0N-R1dTfkfPUw9bZzc3NzdXQ39LU7tXY39_Uww
2025-11-06T15:54:37.837,civil,Mr,Otto,Van den Bergh,3sXF3u7H0N_V1N_T1MPW2fHY0t3exNWf0t7c,moKDhYaChomChYKE,dance_dinner,,,Alone,,,otto37,false,177,_sXF3pHn0N-R1dTfkfPUw9bZzc3NzdXQ39LU7tXY39_Uww
2025-11-06T16:59:50.354,civil,Mrs,domi,Van den Bergh,3sXF3u7H0N_V1N_T1MPW2fHY0t3exNWf0t7c,moKDhYaChomChYKE,dance_dinner,,,Alone,,,domi50,false,177,1d7c2JHn0N-R1dTfkfPUw9bZzc3NzdXQ39LU7tXY39_Uww
2025-11-06T23:08:15.651,civil,Mr,Otto,Van den Bergh,3sXF3u7H0N_V1N_T1MPW2fHY0t3exNWf0t7c,moKDhYaChomChYKE,dance_dinner,,,Alone,,,otto15,false,177,_sXF3pHn0N-R1dTfkfPUw9bZzc3NzdXQ39LU7tXY39_Uww
2025-11-07T11:17:30.210,military,Mr,Otto,Van den Bergh,3sXF3u7H0N_V1N_T1MPW2fHY0t3exNWf0t7c,moKDhYaChomChYKE,dance_dinner,POL,gIaG,Alone,,,otto30,false,177,_sXF3pHn0N-R1dTfkfPUw9bZzc3NzdXQ39LU7tXY39_Uww
2025-11-07T19:27:05.144,civil,Mr,Otto,Van den Bergh,3sXF3u7H0N_V1N_T1MPW2fHY0t3exNWf0t7c,moKDhYaChomChYKE,dance_dinner,,,PlusOne,Mega,Mindy,otto05,false,354,_sXF3pHn0N-R1dTfkfPUw9bZzc381NbQkfzY39XIzc3V0N_S1O7V2N_f1MM
